ClassLabel,FileNumber,FileName,EmotionLabel
4,1136,Image_1136_FullFace.jpg,Angry
4,1137,Image_1137_FullFace.jpg,Angry
4,1138,Image_1138_FullFace.jpg,Angry
4,1234,Image_1234_FullFace.jpg,Angry
4,1323,Image_1323_FullFace.jpg,Angry
4,1324,Image_1324_FullFace.jpg,Angry
4,1325,Image_1325_FullFace.jpg,Angry
4,1326,Image_1326_FullFace.jpg,Angry
4,1327,Image_1327_FullFace.jpg,Angry
4,1328,Image_1328_FullFace.jpg,Angry
4,1329,Image_1329_FullFace.jpg,Angry
4,1330,Image_1330_FullFace.jpg,Angry
4,1361,Image_1361_FullFace.jpg,Angry
4,1362,Image_1362_FullFace.jpg,Angry
4,1453,Image_1453_FullFace.jpg,Angry
4,1454,Image_1454_FullFace.jpg,Angry
4,1518,Image_1518_FullFace.jpg,Angry
4,1519,Image_1519_FullFace.jpg,Angry
4,1520,Image_1520_FullFace.jpg,Angry
4,1521,Image_1521_FullFace.jpg,Angry
4,1522,Image_1522_FullFace.jpg,Angry
4,1523,Image_1523_FullFace.jpg,Angry
4,1524,Image_1524_FullFace.jpg,Angry
4,1527,Image_1527_FullFace.jpg,Angry
4,1538,Image_1538_FullFace.jpg,Angry
4,1539,Image_1539_FullFace.jpg,Angry
4,1540,Image_1540_FullFace.jpg,Angry
4,1547,Image_1547_FullFace.jpg,Angry
4,1603,Image_1603_FullFace.jpg,Angry
4,1604,Image_1604_FullFace.jpg,Angry
4,1605,Image_1605_FullFace.jpg,Angry
4,1606,Image_1606_FullFace.jpg,Angry
4,1615,Image_1615_FullFace.jpg,Angry
4,1616,Image_1616_FullFace.jpg,Angry
4,1621,Image_1621_FullFace.jpg,Angry
4,1627,Image_1627_FullFace.jpg,Angry
4,1628,Image_1628_FullFace.jpg,Angry
4,1629,Image_1629_FullFace.jpg,Angry
4,1630,Image_1630_FullFace.jpg,Angry
4,1637,Image_1637_FullFace.jpg,Angry
4,1698,Image_1698_FullFace.jpg,Angry
4,1705,Image_1705_FullFace.jpg,Angry
4,1706,Image_1706_FullFace.jpg,Angry
4,1707,Image_1707_FullFace.jpg,Angry
4,1708,Image_1708_FullFace.jpg,Angry
4,1709,Image_1709_FullFace.jpg,Angry
4,1710,Image_1710_FullFace.jpg,Angry
4,1711,Image_1711_FullFace.jpg,Angry
4,1788,Image_1788_FullFace.jpg,Angry
4,1789,Image_1789_FullFace.jpg,Angry
4,1798,Image_1798_FullFace.jpg,Angry
4,1799,Image_1799_FullFace.jpg,Angry
4,1800,Image_1800_FullFace.jpg,Angry
4,1805,Image_1805_FullFace.jpg,Angry
4,1863,Image_1863_FullFace.jpg,Angry
4,1864,Image_1864_FullFace.jpg,Angry
4,1954,Image_1954_FullFace.jpg,Angry
4,1955,Image_1955_FullFace.jpg,Angry
4,1956,Image_1956_FullFace.jpg,Angry
4,1960,Image_1960_FullFace.jpg,Angry
4,1979,Image_1979_FullFace.jpg,Angry
4,2042,Image_2042_FullFace.jpg,Angry
4,2043,Image_2043_FullFace.jpg,Angry
4,2044,Image_2044_FullFace.jpg,Angry
4,2045,Image_2045_FullFace.jpg,Angry
4,2046,Image_2046_FullFace.jpg,Angry
4,2128,Image_2128_FullFace.jpg,Angry
4,2129,Image_2129_FullFace.jpg,Angry
4,2130,Image_2130_FullFace.jpg,Angry
4,2159,Image_2159_FullFace.jpg,Angry
4,2212,Image_2212_FullFace.jpg,Angry
4,2213,Image_2213_FullFace.jpg,Angry
4,2214,Image_2214_FullFace.jpg,Angry
4,2215,Image_2215_FullFace.jpg,Angry
4,2216,Image_2216_FullFace.jpg,Angry
4,2217,Image_2217_FullFace.jpg,Angry
4,2218,Image_2218_FullFace.jpg,Angry
4,2219,Image_2219_FullFace.jpg,Angry
4,2220,Image_2220_FullFace.jpg,Angry
4,2221,Image_2221_FullFace.jpg,Angry
4,2222,Image_2222_FullFace.jpg,Angry
4,2223,Image_2223_FullFace.jpg,Angry
4,2224,Image_2224_FullFace.jpg,Angry
4,2225,Image_2225_FullFace.jpg,Angry
4,2226,Image_2226_FullFace.jpg,Angry
4,2227,Image_2227_FullFace.jpg,Angry
4,2228,Image_2228_FullFace.jpg,Angry
4,2229,Image_2229_FullFace.jpg,Angry
4,2230,Image_2230_FullFace.jpg,Angry
4,2242,Image_2242_FullFace.jpg,Angry
4,2243,Image_2243_FullFace.jpg,Angry
4,2244,Image_2244_FullFace.jpg,Angry
4,2245,Image_2245_FullFace.jpg,Angry
4,2246,Image_2246_FullFace.jpg,Angry
4,2250,Image_2250_FullFace.jpg,Angry
4,2251,Image_2251_FullFace.jpg,Angry
4,2311,Image_2311_FullFace.jpg,Angry
4,2424,Image_2424_FullFace.jpg,Angry
4,2425,Image_2425_FullFace.jpg,Angry
4,2426,Image_2426_FullFace.jpg,Angry
4,2527,Image_2527_FullFace.jpg,Angry
4,2591,Image_2591_FullFace.jpg,Angry
4,2626,Image_2626_FullFace.jpg,Angry
4,2627,Image_2627_FullFace.jpg,Angry
4,2695,Image_2695_FullFace.jpg,Angry
4,3893,Image_3893_FullFace.jpg,Angry
4,3894,Image_3894_FullFace.jpg,Angry
4,3895,Image_3895_FullFace.jpg,Angry
4,3991,Image_3991_FullFace.jpg,Angry
4,4080,Image_4080_FullFace.jpg,Angry
4,4081,Image_4081_FullFace.jpg,Angry
4,4082,Image_4082_FullFace.jpg,Angry
4,4083,Image_4083_FullFace.jpg,Angry
4,4084,Image_4084_FullFace.jpg,Angry
4,4085,Image_4085_FullFace.jpg,Angry
4,4086,Image_4086_FullFace.jpg,Angry
4,4087,Image_4087_FullFace.jpg,Angry
4,4118,Image_4118_FullFace.jpg,Angry
4,4119,Image_4119_FullFace.jpg,Angry
4,4210,Image_4210_FullFace.jpg,Angry
4,4211,Image_4211_FullFace.jpg,Angry
4,4275,Image_4275_FullFace.jpg,Angry
4,4276,Image_4276_FullFace.jpg,Angry
4,4277,Image_4277_FullFace.jpg,Angry
4,4278,Image_4278_FullFace.jpg,Angry
4,4279,Image_4279_FullFace.jpg,Angry
4,4280,Image_4280_FullFace.jpg,Angry
4,4281,Image_4281_FullFace.jpg,Angry
4,4284,Image_4284_FullFace.jpg,Angry
4,4295,Image_4295_FullFace.jpg,Angry
4,4297,Image_4297_FullFace.jpg,Angry
4,4304,Image_4304_FullFace.jpg,Angry
4,4360,Image_4360_FullFace.jpg,Angry
4,4361,Image_4361_FullFace.jpg,Angry
4,4362,Image_4362_FullFace.jpg,Angry
4,4363,Image_4363_FullFace.jpg,Angry
4,4372,Image_4372_FullFace.jpg,Angry
4,4373,Image_4373_FullFace.jpg,Angry
4,4378,Image_4378_FullFace.jpg,Angry
4,4384,Image_4384_FullFace.jpg,Angry
4,4385,Image_4385_FullFace.jpg,Angry
4,4386,Image_4386_FullFace.jpg,Angry
4,4387,Image_4387_FullFace.jpg,Angry
4,4394,Image_4394_FullFace.jpg,Angry
4,4455,Image_4455_FullFace.jpg,Angry
4,4462,Image_4462_FullFace.jpg,Angry
4,4463,Image_4463_FullFace.jpg,Angry
4,4464,Image_4464_FullFace.jpg,Angry
4,4465,Image_4465_FullFace.jpg,Angry
4,4466,Image_4466_FullFace.jpg,Angry
4,4467,Image_4467_FullFace.jpg,Angry
4,4468,Image_4468_FullFace.jpg,Angry
4,4545,Image_4545_FullFace.jpg,Angry
4,4546,Image_4546_FullFace.jpg,Angry
4,4554,Image_4554_FullFace.jpg,Angry
4,4555,Image_4555_FullFace.jpg,Angry
4,4556,Image_4556_FullFace.jpg,Angry
4,4557,Image_4557_FullFace.jpg,Angry
4,4562,Image_4562_FullFace.jpg,Angry
4,4620,Image_4620_FullFace.jpg,Angry
4,4621,Image_4621_FullFace.jpg,Angry
4,4711,Image_4711_FullFace.jpg,Angry
4,4712,Image_4712_FullFace.jpg,Angry
4,4713,Image_4713_FullFace.jpg,Angry
4,4717,Image_4717_FullFace.jpg,Angry
4,4736,Image_4736_FullFace.jpg,Angry
4,4799,Image_4799_FullFace.jpg,Angry
4,4800,Image_4800_FullFace.jpg,Angry
4,4801,Image_4801_FullFace.jpg,Angry
4,4802,Image_4802_FullFace.jpg,Angry
4,4803,Image_4803_FullFace.jpg,Angry
4,4885,Image_4885_FullFace.jpg,Angry
4,4886,Image_4886_FullFace.jpg,Angry
4,4887,Image_4887_FullFace.jpg,Angry
4,4888,Image_4888_FullFace.jpg,Angry
4,4916,Image_4916_FullFace.jpg,Angry
4,4969,Image_4969_FullFace.jpg,Angry
4,4970,Image_4970_FullFace.jpg,Angry
4,4971,Image_4971_FullFace.jpg,Angry
4,4972,Image_4972_FullFace.jpg,Angry
4,4973,Image_4973_FullFace.jpg,Angry
4,4974,Image_4974_FullFace.jpg,Angry
4,4975,Image_4975_FullFace.jpg,Angry
4,4976,Image_4976_FullFace.jpg,Angry
4,4977,Image_4977_FullFace.jpg,Angry
4,4978,Image_4978_FullFace.jpg,Angry
4,4979,Image_4979_FullFace.jpg,Angry
4,4980,Image_4980_FullFace.jpg,Angry
4,4981,Image_4981_FullFace.jpg,Angry
4,4982,Image_4982_FullFace.jpg,Angry
4,4983,Image_4983_FullFace.jpg,Angry
4,4984,Image_4984_FullFace.jpg,Angry
4,4985,Image_4985_FullFace.jpg,Angry
4,4986,Image_4986_FullFace.jpg,Angry
4,4987,Image_4987_FullFace.jpg,Angry
4,4999,Image_4999_FullFace.jpg,Angry
4,5000,Image_5000_FullFace.jpg,Angry
4,5001,Image_5001_FullFace.jpg,Angry
4,5002,Image_5002_FullFace.jpg,Angry
4,5003,Image_5003_FullFace.jpg,Angry
4,5007,Image_5007_FullFace.jpg,Angry
4,5008,Image_5008_FullFace.jpg,Angry
4,5068,Image_5068_FullFace.jpg,Angry
4,5181,Image_5181_FullFace.jpg,Angry
4,5182,Image_5182_FullFace.jpg,Angry
4,5183,Image_5183_FullFace.jpg,Angry
4,5284,Image_5284_FullFace.jpg,Angry
4,5348,Image_5348_FullFace.jpg,Angry
4,5383,Image_5383_FullFace.jpg,Angry
4,5384,Image_5384_FullFace.jpg,Angry
4,5452,Image_5452_FullFace.jpg,Angry
7,1235,Image_1235_FullFace.jpg,Angry
7,1236,Image_1236_FullFace.jpg,Angry
7,1237,Image_1237_FullFace.jpg,Angry
7,1238,Image_1238_FullFace.jpg,Angry
7,1427,Image_1427_FullFace.jpg,Angry
7,1428,Image_1428_FullFace.jpg,Angry
7,1429,Image_1429_FullFace.jpg,Angry
7,1430,Image_1430_FullFace.jpg,Angry
7,1431,Image_1431_FullFace.jpg,Angry
7,1432,Image_1432_FullFace.jpg,Angry
7,1433,Image_1433_FullFace.jpg,Angry
7,1434,Image_1434_FullFace.jpg,Angry
7,1607,Image_1607_FullFace.jpg,Angry
7,1608,Image_1608_FullFace.jpg,Angry
7,1609,Image_1609_FullFace.jpg,Angry
7,1787,Image_1787_FullFace.jpg,Angry
7,1792,Image_1792_FullFace.jpg,Angry
7,2047,Image_2047_FullFace.jpg,Angry
7,2048,Image_2048_FullFace.jpg,Angry
7,2049,Image_2049_FullFace.jpg,Angry
7,2050,Image_2050_FullFace.jpg,Angry
7,2051,Image_2051_FullFace.jpg,Angry
7,2052,Image_2052_FullFace.jpg,Angry
7,2053,Image_2053_FullFace.jpg,Angry
7,2054,Image_2054_FullFace.jpg,Angry
7,2055,Image_2055_FullFace.jpg,Angry
7,2056,Image_2056_FullFace.jpg,Angry
7,2057,Image_2057_FullFace.jpg,Angry
7,2058,Image_2058_FullFace.jpg,Angry
7,2059,Image_2059_FullFace.jpg,Angry
7,2060,Image_2060_FullFace.jpg,Angry
7,2061,Image_2061_FullFace.jpg,Angry
7,2062,Image_2062_FullFace.jpg,Angry
7,2063,Image_2063_FullFace.jpg,Angry
7,2064,Image_2064_FullFace.jpg,Angry
7,2065,Image_2065_FullFace.jpg,Angry
7,2082,Image_2082_FullFace.jpg,Angry
7,2083,Image_2083_FullFace.jpg,Angry
7,2084,Image_2084_FullFace.jpg,Angry
7,2085,Image_2085_FullFace.jpg,Angry
7,2086,Image_2086_FullFace.jpg,Angry
7,2087,Image_2087_FullFace.jpg,Angry
7,2088,Image_2088_FullFace.jpg,Angry
7,2089,Image_2089_FullFace.jpg,Angry
7,2090,Image_2090_FullFace.jpg,Angry
7,2091,Image_2091_FullFace.jpg,Angry
7,2131,Image_2131_FullFace.jpg,Angry
7,2132,Image_2132_FullFace.jpg,Angry
7,2133,Image_2133_FullFace.jpg,Angry
7,2134,Image_2134_FullFace.jpg,Angry
7,2135,Image_2135_FullFace.jpg,Angry
7,2136,Image_2136_FullFace.jpg,Angry
7,2137,Image_2137_FullFace.jpg,Angry
7,2138,Image_2138_FullFace.jpg,Angry
7,2139,Image_2139_FullFace.jpg,Angry
7,2140,Image_2140_FullFace.jpg,Angry
7,2141,Image_2141_FullFace.jpg,Angry
7,2142,Image_2142_FullFace.jpg,Angry
7,2143,Image_2143_FullFace.jpg,Angry
7,2144,Image_2144_FullFace.jpg,Angry
7,2145,Image_2145_FullFace.jpg,Angry
7,2146,Image_2146_FullFace.jpg,Angry
7,2147,Image_2147_FullFace.jpg,Angry
7,2148,Image_2148_FullFace.jpg,Angry
7,2149,Image_2149_FullFace.jpg,Angry
7,2150,Image_2150_FullFace.jpg,Angry
7,2151,Image_2151_FullFace.jpg,Angry
7,2152,Image_2152_FullFace.jpg,Angry
7,2153,Image_2153_FullFace.jpg,Angry
7,2690,Image_2690_FullFace.jpg,Angry
7,2691,Image_2691_FullFace.jpg,Angry
7,3992,Image_3992_FullFace.jpg,Angry
7,3993,Image_3993_FullFace.jpg,Angry
7,3994,Image_3994_FullFace.jpg,Angry
7,3995,Image_3995_FullFace.jpg,Angry
7,4184,Image_4184_FullFace.jpg,Angry
7,4185,Image_4185_FullFace.jpg,Angry
7,4186,Image_4186_FullFace.jpg,Angry
7,4187,Image_4187_FullFace.jpg,Angry
7,4188,Image_4188_FullFace.jpg,Angry
7,4189,Image_4189_FullFace.jpg,Angry
7,4190,Image_4190_FullFace.jpg,Angry
7,4191,Image_4191_FullFace.jpg,Angry
7,4364,Image_4364_FullFace.jpg,Angry
7,4365,Image_4365_FullFace.jpg,Angry
7,4366,Image_4366_FullFace.jpg,Angry
7,4544,Image_4544_FullFace.jpg,Angry
7,4804,Image_4804_FullFace.jpg,Angry
7,4805,Image_4805_FullFace.jpg,Angry
7,4806,Image_4806_FullFace.jpg,Angry
7,4807,Image_4807_FullFace.jpg,Angry
7,4808,Image_4808_FullFace.jpg,Angry
7,4809,Image_4809_FullFace.jpg,Angry
7,4810,Image_4810_FullFace.jpg,Angry
7,4811,Image_4811_FullFace.jpg,Angry
7,4812,Image_4812_FullFace.jpg,Angry
7,4813,Image_4813_FullFace.jpg,Angry
7,4814,Image_4814_FullFace.jpg,Angry
7,4815,Image_4815_FullFace.jpg,Angry
7,4816,Image_4816_FullFace.jpg,Angry
7,4817,Image_4817_FullFace.jpg,Angry
7,4818,Image_4818_FullFace.jpg,Angry
7,4819,Image_4819_FullFace.jpg,Angry
7,4820,Image_4820_FullFace.jpg,Angry
7,4821,Image_4821_FullFace.jpg,Angry
7,4822,Image_4822_FullFace.jpg,Angry
7,4839,Image_4839_FullFace.jpg,Angry
7,4840,Image_4840_FullFace.jpg,Angry
7,4841,Image_4841_FullFace.jpg,Angry
7,4842,Image_4842_FullFace.jpg,Angry
7,4843,Image_4843_FullFace.jpg,Angry
7,4844,Image_4844_FullFace.jpg,Angry
7,4845,Image_4845_FullFace.jpg,Angry
7,4846,Image_4846_FullFace.jpg,Angry
7,4847,Image_4847_FullFace.jpg,Angry
7,4848,Image_4848_FullFace.jpg,Angry
7,4889,Image_4889_FullFace.jpg,Angry
7,4890,Image_4890_FullFace.jpg,Angry
7,4891,Image_4891_FullFace.jpg,Angry
7,4892,Image_4892_FullFace.jpg,Angry
7,4893,Image_4893_FullFace.jpg,Angry
7,4894,Image_4894_FullFace.jpg,Angry
7,4895,Image_4895_FullFace.jpg,Angry
7,4896,Image_4896_FullFace.jpg,Angry
7,4897,Image_4897_FullFace.jpg,Angry
7,4898,Image_4898_FullFace.jpg,Angry
7,4899,Image_4899_FullFace.jpg,Angry
7,4900,Image_4900_FullFace.jpg,Angry
7,4901,Image_4901_FullFace.jpg,Angry
7,4902,Image_4902_FullFace.jpg,Angry
7,4903,Image_4903_FullFace.jpg,Angry
7,4904,Image_4904_FullFace.jpg,Angry
7,4905,Image_4905_FullFace.jpg,Angry
7,4906,Image_4906_FullFace.jpg,Angry
7,4907,Image_4907_FullFace.jpg,Angry
7,4908,Image_4908_FullFace.jpg,Angry
7,4909,Image_4909_FullFace.jpg,Angry
7,4910,Image_4910_FullFace.jpg,Angry
7,5447,Image_5447_FullFace.jpg,Angry
7,5448,Image_5448_FullFace.jpg,Angry
16,0134,Image_0134_FullFace.jpg,Neutral
16,0135,Image_0135_FullFace.jpg,Neutral
16,0140,Image_0140_FullFace.jpg,Neutral
16,0153,Image_0153_FullFace.jpg,Neutral
16,0154,Image_0154_FullFace.jpg,Neutral
16,0155,Image_0155_FullFace.jpg,Neutral
16,0156,Image_0156_FullFace.jpg,Neutral
16,0157,Image_0157_FullFace.jpg,Neutral
16,0158,Image_0158_FullFace.jpg,Neutral
16,0159,Image_0159_FullFace.jpg,Neutral
16,0160,Image_0160_FullFace.jpg,Neutral
16,0161,Image_0161_FullFace.jpg,Neutral
16,0162,Image_0162_FullFace.jpg,Neutral
16,0163,Image_0163_FullFace.jpg,Neutral
16,0164,Image_0164_FullFace.jpg,Neutral
16,0165,Image_0165_FullFace.jpg,Neutral
16,0166,Image_0166_FullFace.jpg,Neutral
16,0167,Image_0167_FullFace.jpg,Neutral
16,0168,Image_0168_FullFace.jpg,Neutral
16,0169,Image_0169_FullFace.jpg,Neutral
16,0170,Image_0170_FullFace.jpg,Neutral
16,0171,Image_0171_FullFace.jpg,Neutral
16,0172,Image_0172_FullFace.jpg,Neutral
16,0173,Image_0173_FullFace.jpg,Neutral
16,0174,Image_0174_FullFace.jpg,Neutral
16,0175,Image_0175_FullFace.jpg,Neutral
16,0176,Image_0176_FullFace.jpg,Neutral
16,0931,Image_0931_FullFace.jpg,Neutral
16,0932,Image_0932_FullFace.jpg,Neutral
16,0933,Image_0933_FullFace.jpg,Neutral
16,1299,Image_1299_FullFace.jpg,Neutral
16,1300,Image_1300_FullFace.jpg,Neutral
16,1301,Image_1301_FullFace.jpg,Neutral
16,1302,Image_1302_FullFace.jpg,Neutral
16,1303,Image_1303_FullFace.jpg,Neutral
16,1304,Image_1304_FullFace.jpg,Neutral
16,1305,Image_1305_FullFace.jpg,Neutral
16,1306,Image_1306_FullFace.jpg,Neutral
16,1307,Image_1307_FullFace.jpg,Neutral
16,1308,Image_1308_FullFace.jpg,Neutral
16,1309,Image_1309_FullFace.jpg,Neutral
16,1310,Image_1310_FullFace.jpg,Neutral
16,1311,Image_1311_FullFace.jpg,Neutral
16,1312,Image_1312_FullFace.jpg,Neutral
16,1313,Image_1313_FullFace.jpg,Neutral
16,1314,Image_1314_FullFace.jpg,Neutral
16,1315,Image_1315_FullFace.jpg,Neutral
16,1316,Image_1316_FullFace.jpg,Neutral
16,1317,Image_1317_FullFace.jpg,Neutral
16,1318,Image_1318_FullFace.jpg,Neutral
16,1319,Image_1319_FullFace.jpg,Neutral
16,1320,Image_1320_FullFace.jpg,Neutral
16,1321,Image_1321_FullFace.jpg,Neutral
16,1359,Image_1359_FullFace.jpg,Neutral
16,1496,Image_1496_FullFace.jpg,Neutral
16,1497,Image_1497_FullFace.jpg,Neutral
16,1498,Image_1498_FullFace.jpg,Neutral
16,1499,Image_1499_FullFace.jpg,Neutral
16,1500,Image_1500_FullFace.jpg,Neutral
16,1501,Image_1501_FullFace.jpg,Neutral
16,1502,Image_1502_FullFace.jpg,Neutral
16,1503,Image_1503_FullFace.jpg,Neutral
16,1504,Image_1504_FullFace.jpg,Neutral
16,1505,Image_1505_FullFace.jpg,Neutral
16,1506,Image_1506_FullFace.jpg,Neutral
16,1507,Image_1507_FullFace.jpg,Neutral
16,1508,Image_1508_FullFace.jpg,Neutral
16,1509,Image_1509_FullFace.jpg,Neutral
16,1510,Image_1510_FullFace.jpg,Neutral
16,1511,Image_1511_FullFace.jpg,Neutral
16,1512,Image_1512_FullFace.jpg,Neutral
16,1513,Image_1513_FullFace.jpg,Neutral
16,1514,Image_1514_FullFace.jpg,Neutral
16,1515,Image_1515_FullFace.jpg,Neutral
16,1516,Image_1516_FullFace.jpg,Neutral
16,1585,Image_1585_FullFace.jpg,Neutral
16,1586,Image_1586_FullFace.jpg,Neutral
16,1587,Image_1587_FullFace.jpg,Neutral
16,1588,Image_1588_FullFace.jpg,Neutral
16,1589,Image_1589_FullFace.jpg,Neutral
16,1590,Image_1590_FullFace.jpg,Neutral
16,1591,Image_1591_FullFace.jpg,Neutral
16,1592,Image_1592_FullFace.jpg,Neutral
16,1593,Image_1593_FullFace.jpg,Neutral
16,1594,Image_1594_FullFace.jpg,Neutral
16,1595,Image_1595_FullFace.jpg,Neutral
16,1596,Image_1596_FullFace.jpg,Neutral
16,1597,Image_1597_FullFace.jpg,Neutral
16,1598,Image_1598_FullFace.jpg,Neutral
16,1599,Image_1599_FullFace.jpg,Neutral
16,1600,Image_1600_FullFace.jpg,Neutral
16,1601,Image_1601_FullFace.jpg,Neutral
16,1720,Image_1720_FullFace.jpg,Neutral
16,1764,Image_1764_FullFace.jpg,Neutral
16,1765,Image_1765_FullFace.jpg,Neutral
16,1766,Image_1766_FullFace.jpg,Neutral
16,1768,Image_1768_FullFace.jpg,Neutral
16,1802,Image_1802_FullFace.jpg,Neutral
16,1935,Image_1935_FullFace.jpg,Neutral
16,1936,Image_1936_FullFace.jpg,Neutral
16,1937,Image_1937_FullFace.jpg,Neutral
16,1938,Image_1938_FullFace.jpg,Neutral
16,1939,Image_1939_FullFace.jpg,Neutral
16,1940,Image_1940_FullFace.jpg,Neutral
16,1941,Image_1941_FullFace.jpg,Neutral
16,1942,Image_1942_FullFace.jpg,Neutral
16,1943,Image_1943_FullFace.jpg,Neutral
16,1944,Image_1944_FullFace.jpg,Neutral
16,1945,Image_1945_FullFace.jpg,Neutral
16,1946,Image_1946_FullFace.jpg,Neutral
16,1947,Image_1947_FullFace.jpg,Neutral
16,1948,Image_1948_FullFace.jpg,Neutral
16,1949,Image_1949_FullFace.jpg,Neutral
16,1950,Image_1950_FullFace.jpg,Neutral
16,1951,Image_1951_FullFace.jpg,Neutral
16,1952,Image_1952_FullFace.jpg,Neutral
16,2028,Image_2028_FullFace.jpg,Neutral
16,2029,Image_2029_FullFace.jpg,Neutral
16,2030,Image_2030_FullFace.jpg,Neutral
16,2031,Image_2031_FullFace.jpg,Neutral
16,2032,Image_2032_FullFace.jpg,Neutral
16,2033,Image_2033_FullFace.jpg,Neutral
16,2034,Image_2034_FullFace.jpg,Neutral
16,2035,Image_2035_FullFace.jpg,Neutral
16,2036,Image_2036_FullFace.jpg,Neutral
16,2037,Image_2037_FullFace.jpg,Neutral
16,2038,Image_2038_FullFace.jpg,Neutral
16,2039,Image_2039_FullFace.jpg,Neutral
16,2040,Image_2040_FullFace.jpg,Neutral
16,2041,Image_2041_FullFace.jpg,Neutral
16,2119,Image_2119_FullFace.jpg,Neutral
16,2120,Image_2120_FullFace.jpg,Neutral
16,2121,Image_2121_FullFace.jpg,Neutral
16,2122,Image_2122_FullFace.jpg,Neutral
16,2123,Image_2123_FullFace.jpg,Neutral
16,2124,Image_2124_FullFace.jpg,Neutral
16,2298,Image_2298_FullFace.jpg,Neutral
16,2299,Image_2299_FullFace.jpg,Neutral
16,2300,Image_2300_FullFace.jpg,Neutral
16,2301,Image_2301_FullFace.jpg,Neutral
16,2302,Image_2302_FullFace.jpg,Neutral
16,2303,Image_2303_FullFace.jpg,Neutral
16,2304,Image_2304_FullFace.jpg,Neutral
16,2305,Image_2305_FullFace.jpg,Neutral
16,2306,Image_2306_FullFace.jpg,Neutral
16,2307,Image_2307_FullFace.jpg,Neutral
16,2308,Image_2308_FullFace.jpg,Neutral
16,2309,Image_2309_FullFace.jpg,Neutral
16,2401,Image_2401_FullFace.jpg,Neutral
16,2402,Image_2402_FullFace.jpg,Neutral
16,2403,Image_2403_FullFace.jpg,Neutral
16,2407,Image_2407_FullFace.jpg,Neutral
16,2409,Image_2409_FullFace.jpg,Neutral
16,2410,Image_2410_FullFace.jpg,Neutral
16,2411,Image_2411_FullFace.jpg,Neutral
16,2412,Image_2412_FullFace.jpg,Neutral
16,2413,Image_2413_FullFace.jpg,Neutral
16,2415,Image_2415_FullFace.jpg,Neutral
16,2498,Image_2498_FullFace.jpg,Neutral
16,2499,Image_2499_FullFace.jpg,Neutral
16,2500,Image_2500_FullFace.jpg,Neutral
16,2509,Image_2509_FullFace.jpg,Neutral
16,2512,Image_2512_FullFace.jpg,Neutral
16,2530,Image_2530_FullFace.jpg,Neutral
16,2620,Image_2620_FullFace.jpg,Neutral
16,2851,Image_2851_FullFace.jpg,Neutral
16,2891,Image_2891_FullFace.jpg,Neutral
16,2892,Image_2892_FullFace.jpg,Neutral
16,2910,Image_2910_FullFace.jpg,Neutral
16,2911,Image_2911_FullFace.jpg,Neutral
16,2912,Image_2912_FullFace.jpg,Neutral
16,2913,Image_2913_FullFace.jpg,Neutral
16,2914,Image_2914_FullFace.jpg,Neutral
16,2915,Image_2915_FullFace.jpg,Neutral
16,2916,Image_2916_FullFace.jpg,Neutral
16,2917,Image_2917_FullFace.jpg,Neutral
16,2918,Image_2918_FullFace.jpg,Neutral
16,2919,Image_2919_FullFace.jpg,Neutral
16,2920,Image_2920_FullFace.jpg,Neutral
16,2921,Image_2921_FullFace.jpg,Neutral
16,2922,Image_2922_FullFace.jpg,Neutral
16,2923,Image_2923_FullFace.jpg,Neutral
16,2924,Image_2924_FullFace.jpg,Neutral
16,2925,Image_2925_FullFace.jpg,Neutral
16,2926,Image_2926_FullFace.jpg,Neutral
16,2927,Image_2927_FullFace.jpg,Neutral
16,2928,Image_2928_FullFace.jpg,Neutral
16,2929,Image_2929_FullFace.jpg,Neutral
16,2930,Image_2930_FullFace.jpg,Neutral
16,2931,Image_2931_FullFace.jpg,Neutral
16,2932,Image_2932_FullFace.jpg,Neutral
16,2933,Image_2933_FullFace.jpg,Neutral
16,3688,Image_3688_FullFace.jpg,Neutral
16,3689,Image_3689_FullFace.jpg,Neutral
16,3690,Image_3690_FullFace.jpg,Neutral
16,3692,Image_3692_FullFace.jpg,Neutral
16,4056,Image_4056_FullFace.jpg,Neutral
16,4057,Image_4057_FullFace.jpg,Neutral
16,4058,Image_4058_FullFace.jpg,Neutral
16,4059,Image_4059_FullFace.jpg,Neutral
16,4060,Image_4060_FullFace.jpg,Neutral
16,4061,Image_4061_FullFace.jpg,Neutral
16,4062,Image_4062_FullFace.jpg,Neutral
16,4063,Image_4063_FullFace.jpg,Neutral
16,4064,Image_4064_FullFace.jpg,Neutral
16,4065,Image_4065_FullFace.jpg,Neutral
16,4066,Image_4066_FullFace.jpg,Neutral
16,4067,Image_4067_FullFace.jpg,Neutral
16,4068,Image_4068_FullFace.jpg,Neutral
16,4069,Image_4069_FullFace.jpg,Neutral
16,4070,Image_4070_FullFace.jpg,Neutral
16,4071,Image_4071_FullFace.jpg,Neutral
16,4072,Image_4072_FullFace.jpg,Neutral
16,4073,Image_4073_FullFace.jpg,Neutral
16,4074,Image_4074_FullFace.jpg,Neutral
16,4075,Image_4075_FullFace.jpg,Neutral
16,4076,Image_4076_FullFace.jpg,Neutral
16,4077,Image_4077_FullFace.jpg,Neutral
16,4078,Image_4078_FullFace.jpg,Neutral
16,4116,Image_4116_FullFace.jpg,Neutral
16,4253,Image_4253_FullFace.jpg,Neutral
16,4254,Image_4254_FullFace.jpg,Neutral
16,4255,Image_4255_FullFace.jpg,Neutral
16,4256,Image_4256_FullFace.jpg,Neutral
16,4257,Image_4257_FullFace.jpg,Neutral
16,4258,Image_4258_FullFace.jpg,Neutral
16,4259,Image_4259_FullFace.jpg,Neutral
16,4260,Image_4260_FullFace.jpg,Neutral
16,4261,Image_4261_FullFace.jpg,Neutral
16,4262,Image_4262_FullFace.jpg,Neutral
16,4263,Image_4263_FullFace.jpg,Neutral
16,4264,Image_4264_FullFace.jpg,Neutral
16,4265,Image_4265_FullFace.jpg,Neutral
16,4266,Image_4266_FullFace.jpg,Neutral
16,4267,Image_4267_FullFace.jpg,Neutral
16,4268,Image_4268_FullFace.jpg,Neutral
16,4269,Image_4269_FullFace.jpg,Neutral
16,4270,Image_4270_FullFace.jpg,Neutral
16,4271,Image_4271_FullFace.jpg,Neutral
16,4272,Image_4272_FullFace.jpg,Neutral
16,4273,Image_4273_FullFace.jpg,Neutral
16,4342,Image_4342_FullFace.jpg,Neutral
16,4343,Image_4343_FullFace.jpg,Neutral
16,4344,Image_4344_FullFace.jpg,Neutral
16,4345,Image_4345_FullFace.jpg,Neutral
16,4346,Image_4346_FullFace.jpg,Neutral
16,4347,Image_4347_FullFace.jpg,Neutral
16,4348,Image_4348_FullFace.jpg,Neutral
16,4349,Image_4349_FullFace.jpg,Neutral
16,4350,Image_4350_FullFace.jpg,Neutral
16,4351,Image_4351_FullFace.jpg,Neutral
16,4352,Image_4352_FullFace.jpg,Neutral
16,4353,Image_4353_FullFace.jpg,Neutral
16,4354,Image_4354_FullFace.jpg,Neutral
16,4355,Image_4355_FullFace.jpg,Neutral
16,4356,Image_4356_FullFace.jpg,Neutral
16,4357,Image_4357_FullFace.jpg,Neutral
16,4358,Image_4358_FullFace.jpg,Neutral
16,4518,Image_4518_FullFace.jpg,Neutral
16,4522,Image_4522_FullFace.jpg,Neutral
16,4523,Image_4523_FullFace.jpg,Neutral
16,4524,Image_4524_FullFace.jpg,Neutral
16,4559,Image_4559_FullFace.jpg,Neutral
16,4692,Image_4692_FullFace.jpg,Neutral
16,4693,Image_4693_FullFace.jpg,Neutral
16,4694,Image_4694_FullFace.jpg,Neutral
16,4695,Image_4695_FullFace.jpg,Neutral
16,4696,Image_4696_FullFace.jpg,Neutral
16,4697,Image_4697_FullFace.jpg,Neutral
16,4698,Image_4698_FullFace.jpg,Neutral
16,4699,Image_4699_FullFace.jpg,Neutral
16,4700,Image_4700_FullFace.jpg,Neutral
16,4701,Image_4701_FullFace.jpg,Neutral
16,4702,Image_4702_FullFace.jpg,Neutral
16,4703,Image_4703_FullFace.jpg,Neutral
16,4704,Image_4704_FullFace.jpg,Neutral
16,4705,Image_4705_FullFace.jpg,Neutral
16,4706,Image_4706_FullFace.jpg,Neutral
16,4707,Image_4707_FullFace.jpg,Neutral
16,4708,Image_4708_FullFace.jpg,Neutral
16,4709,Image_4709_FullFace.jpg,Neutral
16,4785,Image_4785_FullFace.jpg,Neutral
16,4786,Image_4786_FullFace.jpg,Neutral
16,4787,Image_4787_FullFace.jpg,Neutral
16,4788,Image_4788_FullFace.jpg,Neutral
16,4789,Image_4789_FullFace.jpg,Neutral
16,4790,Image_4790_FullFace.jpg,Neutral
16,4791,Image_4791_FullFace.jpg,Neutral
16,4792,Image_4792_FullFace.jpg,Neutral
16,4793,Image_4793_FullFace.jpg,Neutral
16,4794,Image_4794_FullFace.jpg,Neutral
16,4795,Image_4795_FullFace.jpg,Neutral
16,4796,Image_4796_FullFace.jpg,Neutral
16,4797,Image_4797_FullFace.jpg,Neutral
16,4798,Image_4798_FullFace.jpg,Neutral
16,4876,Image_4876_FullFace.jpg,Neutral
16,4877,Image_4877_FullFace.jpg,Neutral
16,4878,Image_4878_FullFace.jpg,Neutral
16,4879,Image_4879_FullFace.jpg,Neutral
16,4880,Image_4880_FullFace.jpg,Neutral
16,4881,Image_4881_FullFace.jpg,Neutral
16,4882,Image_4882_FullFace.jpg,Neutral
16,5055,Image_5055_FullFace.jpg,Neutral
16,5056,Image_5056_FullFace.jpg,Neutral
16,5057,Image_5057_FullFace.jpg,Neutral
16,5058,Image_5058_FullFace.jpg,Neutral
16,5059,Image_5059_FullFace.jpg,Neutral
16,5060,Image_5060_FullFace.jpg,Neutral
16,5061,Image_5061_FullFace.jpg,Neutral
16,5062,Image_5062_FullFace.jpg,Neutral
16,5063,Image_5063_FullFace.jpg,Neutral
16,5064,Image_5064_FullFace.jpg,Neutral
16,5065,Image_5065_FullFace.jpg,Neutral
16,5066,Image_5066_FullFace.jpg,Neutral
16,5159,Image_5159_FullFace.jpg,Neutral
16,5160,Image_5160_FullFace.jpg,Neutral
16,5166,Image_5166_FullFace.jpg,Neutral
16,5167,Image_5167_FullFace.jpg,Neutral
16,5168,Image_5168_FullFace.jpg,Neutral
16,5169,Image_5169_FullFace.jpg,Neutral
16,5170,Image_5170_FullFace.jpg,Neutral
16,5171,Image_5171_FullFace.jpg,Neutral
16,5172,Image_5172_FullFace.jpg,Neutral
16,5255,Image_5255_FullFace.jpg,Neutral
16,5256,Image_5256_FullFace.jpg,Neutral
16,5257,Image_5257_FullFace.jpg,Neutral
16,5266,Image_5266_FullFace.jpg,Neutral
16,5269,Image_5269_FullFace.jpg,Neutral
16,5377,Image_5377_FullFace.jpg,Neutral
17,0115,Image_0115_FullFace.jpg,Sad
17,0116,Image_0116_FullFace.jpg,Sad
17,0136,Image_0136_FullFace.jpg,Sad
17,0137,Image_0137_FullFace.jpg,Sad
17,0407,Image_0407_FullFace.jpg,Sad
17,0969,Image_0969_FullFace.jpg,Sad
17,0970,Image_0970_FullFace.jpg,Sad
17,1149,Image_1149_FullFace.jpg,Sad
17,1150,Image_1150_FullFace.jpg,Sad
17,1151,Image_1151_FullFace.jpg,Sad
17,1152,Image_1152_FullFace.jpg,Sad
17,1233,Image_1233_FullFace.jpg,Sad
17,1267,Image_1267_FullFace.jpg,Sad
17,1340,Image_1340_FullFace.jpg,Sad
17,1341,Image_1341_FullFace.jpg,Sad
17,1342,Image_1342_FullFace.jpg,Sad
17,1343,Image_1343_FullFace.jpg,Sad
17,1344,Image_1344_FullFace.jpg,Sad
17,1345,Image_1345_FullFace.jpg,Sad
17,1360,Image_1360_FullFace.jpg,Sad
17,1371,Image_1371_FullFace.jpg,Sad
17,1528,Image_1528_FullFace.jpg,Sad
17,1529,Image_1529_FullFace.jpg,Sad
17,1533,Image_1533_FullFace.jpg,Sad
17,1534,Image_1534_FullFace.jpg,Sad
17,1535,Image_1535_FullFace.jpg,Sad
17,1536,Image_1536_FullFace.jpg,Sad
17,1537,Image_1537_FullFace.jpg,Sad
17,1545,Image_1545_FullFace.jpg,Sad
17,1546,Image_1546_FullFace.jpg,Sad
17,1553,Image_1553_FullFace.jpg,Sad
17,1554,Image_1554_FullFace.jpg,Sad
17,1555,Image_1555_FullFace.jpg,Sad
17,1556,Image_1556_FullFace.jpg,Sad
17,1557,Image_1557_FullFace.jpg,Sad
17,1558,Image_1558_FullFace.jpg,Sad
17,1610,Image_1610_FullFace.jpg,Sad
17,1611,Image_1611_FullFace.jpg,Sad
17,1612,Image_1612_FullFace.jpg,Sad
17,1613,Image_1613_FullFace.jpg,Sad
17,1614,Image_1614_FullFace.jpg,Sad
17,1617,Image_1617_FullFace.jpg,Sad
17,1618,Image_1618_FullFace.jpg,Sad
17,1619,Image_1619_FullFace.jpg,Sad
17,1620,Image_1620_FullFace.jpg,Sad
17,1635,Image_1635_FullFace.jpg,Sad
17,1636,Image_1636_FullFace.jpg,Sad
17,1644,Image_1644_FullFace.jpg,Sad
17,1645,Image_1645_FullFace.jpg,Sad
17,1646,Image_1646_FullFace.jpg,Sad
17,1647,Image_1647_FullFace.jpg,Sad
17,1648,Image_1648_FullFace.jpg,Sad
17,1649,Image_1649_FullFace.jpg,Sad
17,1650,Image_1650_FullFace.jpg,Sad
17,1651,Image_1651_FullFace.jpg,Sad
17,1696,Image_1696_FullFace.jpg,Sad
17,1697,Image_1697_FullFace.jpg,Sad
17,1712,Image_1712_FullFace.jpg,Sad
17,1713,Image_1713_FullFace.jpg,Sad
17,1714,Image_1714_FullFace.jpg,Sad
17,1775,Image_1775_FullFace.jpg,Sad
17,1776,Image_1776_FullFace.jpg,Sad
17,1777,Image_1777_FullFace.jpg,Sad
17,1862,Image_1862_FullFace.jpg,Sad
17,1878,Image_1878_FullFace.jpg,Sad
17,1879,Image_1879_FullFace.jpg,Sad
17,1880,Image_1880_FullFace.jpg,Sad
17,1881,Image_1881_FullFace.jpg,Sad
17,1889,Image_1889_FullFace.jpg,Sad
17,1898,Image_1898_FullFace.jpg,Sad
17,1899,Image_1899_FullFace.jpg,Sad
17,1900,Image_1900_FullFace.jpg,Sad
17,1901,Image_1901_FullFace.jpg,Sad
17,1902,Image_1902_FullFace.jpg,Sad
17,1903,Image_1903_FullFace.jpg,Sad
17,1904,Image_1904_FullFace.jpg,Sad
17,1961,Image_1961_FullFace.jpg,Sad
17,1977,Image_1977_FullFace.jpg,Sad
17,1978,Image_1978_FullFace.jpg,Sad
17,1986,Image_1986_FullFace.jpg,Sad
17,1987,Image_1987_FullFace.jpg,Sad
17,1988,Image_1988_FullFace.jpg,Sad
17,1989,Image_1989_FullFace.jpg,Sad
17,1990,Image_1990_FullFace.jpg,Sad
17,1991,Image_1991_FullFace.jpg,Sad
17,1992,Image_1992_FullFace.jpg,Sad
17,1993,Image_1993_FullFace.jpg,Sad
17,2239,Image_2239_FullFace.jpg,Sad
17,2240,Image_2240_FullFace.jpg,Sad
17,2241,Image_2241_FullFace.jpg,Sad
17,2438,Image_2438_FullFace.jpg,Sad
17,2515,Image_2515_FullFace.jpg,Sad
17,2516,Image_2516_FullFace.jpg,Sad
17,2534,Image_2534_FullFace.jpg,Sad
17,2589,Image_2589_FullFace.jpg,Sad
17,2590,Image_2590_FullFace.jpg,Sad
17,2610,Image_2610_FullFace.jpg,Sad
17,2611,Image_2611_FullFace.jpg,Sad
17,2612,Image_2612_FullFace.jpg,Sad
17,2621,Image_2621_FullFace.jpg,Sad
17,2692,Image_2692_FullFace.jpg,Sad
17,2693,Image_2693_FullFace.jpg,Sad
17,2694,Image_2694_FullFace.jpg,Sad
17,2872,Image_2872_FullFace.jpg,Sad
17,2873,Image_2873_FullFace.jpg,Sad
17,2893,Image_2893_FullFace.jpg,Sad
17,2894,Image_2894_FullFace.jpg,Sad
17,3164,Image_3164_FullFace.jpg,Sad
17,3906,Image_3906_FullFace.jpg,Sad
17,3907,Image_3907_FullFace.jpg,Sad
17,3908,Image_3908_FullFace.jpg,Sad
17,3909,Image_3909_FullFace.jpg,Sad
17,3930,Image_3930_FullFace.jpg,Sad
17,3990,Image_3990_FullFace.jpg,Sad
17,4024,Image_4024_FullFace.jpg,Sad
17,4097,Image_4097_FullFace.jpg,Sad
17,4098,Image_4098_FullFace.jpg,Sad
17,4099,Image_4099_FullFace.jpg,Sad
17,4100,Image_4100_FullFace.jpg,Sad
17,4101,Image_4101_FullFace.jpg,Sad
17,4102,Image_4102_FullFace.jpg,Sad
17,4117,Image_4117_FullFace.jpg,Sad
17,4128,Image_4128_FullFace.jpg,Sad
17,4285,Image_4285_FullFace.jpg,Sad
17,4286,Image_4286_FullFace.jpg,Sad
17,4290,Image_4290_FullFace.jpg,Sad
17,4291,Image_4291_FullFace.jpg,Sad
17,4292,Image_4292_FullFace.jpg,Sad
17,4293,Image_4293_FullFace.jpg,Sad
17,4294,Image_4294_FullFace.jpg,Sad
17,4302,Image_4302_FullFace.jpg,Sad
17,4303,Image_4303_FullFace.jpg,Sad
17,4310,Image_4310_FullFace.jpg,Sad
17,4311,Image_4311_FullFace.jpg,Sad
17,4312,Image_4312_FullFace.jpg,Sad
17,4313,Image_4313_FullFace.jpg,Sad
17,4314,Image_4314_FullFace.jpg,Sad
17,4315,Image_4315_FullFace.jpg,Sad
17,4367,Image_4367_FullFace.jpg,Sad
17,4368,Image_4368_FullFace.jpg,Sad
17,4369,Image_4369_FullFace.jpg,Sad
17,4370,Image_4370_FullFace.jpg,Sad
17,4371,Image_4371_FullFace.jpg,Sad
17,4374,Image_4374_FullFace.jpg,Sad
17,4375,Image_4375_FullFace.jpg,Sad
17,4376,Image_4376_FullFace.jpg,Sad
17,4377,Image_4377_FullFace.jpg,Sad
17,4392,Image_4392_FullFace.jpg,Sad
17,4393,Image_4393_FullFace.jpg,Sad
17,4401,Image_4401_FullFace.jpg,Sad
17,4402,Image_4402_FullFace.jpg,Sad
17,4403,Image_4403_FullFace.jpg,Sad
17,4404,Image_4404_FullFace.jpg,Sad
17,4405,Image_4405_FullFace.jpg,Sad
17,4406,Image_4406_FullFace.jpg,Sad
17,4407,Image_4407_FullFace.jpg,Sad
17,4408,Image_4408_FullFace.jpg,Sad
17,4453,Image_4453_FullFace.jpg,Sad
17,4454,Image_4454_FullFace.jpg,Sad
17,4469,Image_4469_FullFace.jpg,Sad
17,4470,Image_4470_FullFace.jpg,Sad
17,4471,Image_4471_FullFace.jpg,Sad
17,4532,Image_4532_FullFace.jpg,Sad
17,4533,Image_4533_FullFace.jpg,Sad
17,4534,Image_4534_FullFace.jpg,Sad
17,4619,Image_4619_FullFace.jpg,Sad
17,4635,Image_4635_FullFace.jpg,Sad
17,4636,Image_4636_FullFace.jpg,Sad
17,4637,Image_4637_FullFace.jpg,Sad
17,4638,Image_4638_FullFace.jpg,Sad
17,4646,Image_4646_FullFace.jpg,Sad
17,4655,Image_4655_FullFace.jpg,Sad
17,4656,Image_4656_FullFace.jpg,Sad
17,4657,Image_4657_FullFace.jpg,Sad
17,4658,Image_4658_FullFace.jpg,Sad
17,4659,Image_4659_FullFace.jpg,Sad
17,4660,Image_4660_FullFace.jpg,Sad
17,4661,Image_4661_FullFace.jpg,Sad
17,4718,Image_4718_FullFace.jpg,Sad
17,4734,Image_4734_FullFace.jpg,Sad
17,4735,Image_4735_FullFace.jpg,Sad
17,4743,Image_4743_FullFace.jpg,Sad
17,4744,Image_4744_FullFace.jpg,Sad
17,4745,Image_4745_FullFace.jpg,Sad
17,4746,Image_4746_FullFace.jpg,Sad
17,4747,Image_4747_FullFace.jpg,Sad
17,4748,Image_4748_FullFace.jpg,Sad
17,4749,Image_4749_FullFace.jpg,Sad
17,4750,Image_4750_FullFace.jpg,Sad
17,4996,Image_4996_FullFace.jpg,Sad
17,4997,Image_4997_FullFace.jpg,Sad
17,4998,Image_4998_FullFace.jpg,Sad
17,5195,Image_5195_FullFace.jpg,Sad
17,5272,Image_5272_FullFace.jpg,Sad
17,5273,Image_5273_FullFace.jpg,Sad
17,5291,Image_5291_FullFace.jpg,Sad
17,5346,Image_5346_FullFace.jpg,Sad
17,5347,Image_5347_FullFace.jpg,Sad
17,5367,Image_5367_FullFace.jpg,Sad
17,5368,Image_5368_FullFace.jpg,Sad
17,5369,Image_5369_FullFace.jpg,Sad
17,5378,Image_5378_FullFace.jpg,Sad
17,5449,Image_5449_FullFace.jpg,Sad
17,5450,Image_5450_FullFace.jpg,Sad
17,5451,Image_5451_FullFace.jpg,Sad
24,0203,Image_0203_FullFace.jpg,Happy
24,0574,Image_0574_FullFace.jpg,Happy
24,0575,Image_0575_FullFace.jpg,Happy
24,0576,Image_0576_FullFace.jpg,Happy
24,0577,Image_0577_FullFace.jpg,Happy
24,0578,Image_0578_FullFace.jpg,Happy
24,0579,Image_0579_FullFace.jpg,Happy
24,0580,Image_0580_FullFace.jpg,Happy
24,0581,Image_0581_FullFace.jpg,Happy
24,0582,Image_0582_FullFace.jpg,Happy
24,0583,Image_0583_FullFace.jpg,Happy
24,0595,Image_0595_FullFace.jpg,Happy
24,0596,Image_0596_FullFace.jpg,Happy
24,0597,Image_0597_FullFace.jpg,Happy
24,0598,Image_0598_FullFace.jpg,Happy
24,0606,Image_0606_FullFace.jpg,Happy
24,0607,Image_0607_FullFace.jpg,Happy
24,0608,Image_0608_FullFace.jpg,Happy
24,0609,Image_0609_FullFace.jpg,Happy
24,0610,Image_0610_FullFace.jpg,Happy
24,0611,Image_0611_FullFace.jpg,Happy
24,0617,Image_0617_FullFace.jpg,Happy
24,0618,Image_0618_FullFace.jpg,Happy
24,0619,Image_0619_FullFace.jpg,Happy
24,0620,Image_0620_FullFace.jpg,Happy
24,0621,Image_0621_FullFace.jpg,Happy
24,0622,Image_0622_FullFace.jpg,Happy
24,0623,Image_0623_FullFace.jpg,Happy
24,0624,Image_0624_FullFace.jpg,Happy
24,0625,Image_0625_FullFace.jpg,Happy
24,0626,Image_0626_FullFace.jpg,Happy
24,0627,Image_0627_FullFace.jpg,Happy
24,0628,Image_0628_FullFace.jpg,Happy
24,0629,Image_0629_FullFace.jpg,Happy
24,0630,Image_0630_FullFace.jpg,Happy
24,0682,Image_0682_FullFace.jpg,Happy
24,0683,Image_0683_FullFace.jpg,Happy
24,0684,Image_0684_FullFace.jpg,Happy
24,0685,Image_0685_FullFace.jpg,Happy
24,0686,Image_0686_FullFace.jpg,Happy
24,0687,Image_0687_FullFace.jpg,Happy
24,0693,Image_0693_FullFace.jpg,Happy
24,0694,Image_0694_FullFace.jpg,Happy
24,0695,Image_0695_FullFace.jpg,Happy
24,0696,Image_0696_FullFace.jpg,Happy
24,0697,Image_0697_FullFace.jpg,Happy
24,0698,Image_0698_FullFace.jpg,Happy
24,0763,Image_0763_FullFace.jpg,Happy
24,0764,Image_0764_FullFace.jpg,Happy
24,0765,Image_0765_FullFace.jpg,Happy
24,0769,Image_0769_FullFace.jpg,Happy
24,0770,Image_0770_FullFace.jpg,Happy
24,0771,Image_0771_FullFace.jpg,Happy
24,0772,Image_0772_FullFace.jpg,Happy
24,0773,Image_0773_FullFace.jpg,Happy
24,0784,Image_0784_FullFace.jpg,Happy
24,0785,Image_0785_FullFace.jpg,Happy
24,0786,Image_0786_FullFace.jpg,Happy
24,0787,Image_0787_FullFace.jpg,Happy
24,0794,Image_0794_FullFace.jpg,Happy
24,0795,Image_0795_FullFace.jpg,Happy
24,0796,Image_0796_FullFace.jpg,Happy
24,0797,Image_0797_FullFace.jpg,Happy
24,0798,Image_0798_FullFace.jpg,Happy
24,0799,Image_0799_FullFace.jpg,Happy
24,0810,Image_0810_FullFace.jpg,Happy
24,0811,Image_0811_FullFace.jpg,Happy
24,0812,Image_0812_FullFace.jpg,Happy
24,0813,Image_0813_FullFace.jpg,Happy
24,0814,Image_0814_FullFace.jpg,Happy
24,0815,Image_0815_FullFace.jpg,Happy
24,0816,Image_0816_FullFace.jpg,Happy
24,0817,Image_0817_FullFace.jpg,Happy
24,0818,Image_0818_FullFace.jpg,Happy
24,0819,Image_0819_FullFace.jpg,Happy
24,0820,Image_0820_FullFace.jpg,Happy
24,0821,Image_0821_FullFace.jpg,Happy
24,0822,Image_0822_FullFace.jpg,Happy
24,0823,Image_0823_FullFace.jpg,Happy
24,0824,Image_0824_FullFace.jpg,Happy
24,0825,Image_0825_FullFace.jpg,Happy
24,0826,Image_0826_FullFace.jpg,Happy
24,0827,Image_0827_FullFace.jpg,Happy
24,0828,Image_0828_FullFace.jpg,Happy
24,0829,Image_0829_FullFace.jpg,Happy
24,0830,Image_0830_FullFace.jpg,Happy
24,0831,Image_0831_FullFace.jpg,Happy
24,0832,Image_0832_FullFace.jpg,Happy
24,0833,Image_0833_FullFace.jpg,Happy
24,0834,Image_0834_FullFace.jpg,Happy
24,0852,Image_0852_FullFace.jpg,Happy
24,0855,Image_0855_FullFace.jpg,Happy
24,0856,Image_0856_FullFace.jpg,Happy
24,0857,Image_0857_FullFace.jpg,Happy
24,0858,Image_0858_FullFace.jpg,Happy
24,0859,Image_0859_FullFace.jpg,Happy
24,0860,Image_0860_FullFace.jpg,Happy
24,0862,Image_0862_FullFace.jpg,Happy
24,0864,Image_0864_FullFace.jpg,Happy
24,0865,Image_0865_FullFace.jpg,Happy
24,0866,Image_0866_FullFace.jpg,Happy
24,0867,Image_0867_FullFace.jpg,Happy
24,0868,Image_0868_FullFace.jpg,Happy
24,0869,Image_0869_FullFace.jpg,Happy
24,0870,Image_0870_FullFace.jpg,Happy
24,0871,Image_0871_FullFace.jpg,Happy
24,0872,Image_0872_FullFace.jpg,Happy
24,0873,Image_0873_FullFace.jpg,Happy
24,0874,Image_0874_FullFace.jpg,Happy
24,0875,Image_0875_FullFace.jpg,Happy
24,0876,Image_0876_FullFace.jpg,Happy
24,0877,Image_0877_FullFace.jpg,Happy
24,0878,Image_0878_FullFace.jpg,Happy
24,0879,Image_0879_FullFace.jpg,Happy
24,0880,Image_0880_FullFace.jpg,Happy
24,0881,Image_0881_FullFace.jpg,Happy
24,0882,Image_0882_FullFace.jpg,Happy
24,0888,Image_0888_FullFace.jpg,Happy
24,0889,Image_0889_FullFace.jpg,Happy
24,0890,Image_0890_FullFace.jpg,Happy
24,0891,Image_0891_FullFace.jpg,Happy
24,0892,Image_0892_FullFace.jpg,Happy
24,0893,Image_0893_FullFace.jpg,Happy
24,0894,Image_0894_FullFace.jpg,Happy
24,0902,Image_0902_FullFace.jpg,Happy
24,0903,Image_0903_FullFace.jpg,Happy
24,0904,Image_0904_FullFace.jpg,Happy
24,0905,Image_0905_FullFace.jpg,Happy
24,0906,Image_0906_FullFace.jpg,Happy
24,0907,Image_0907_FullFace.jpg,Happy
24,0908,Image_0908_FullFace.jpg,Happy
24,0909,Image_0909_FullFace.jpg,Happy
24,0910,Image_0910_FullFace.jpg,Happy
24,0911,Image_0911_FullFace.jpg,Happy
24,0912,Image_0912_FullFace.jpg,Happy
24,0913,Image_0913_FullFace.jpg,Happy
24,0914,Image_0914_FullFace.jpg,Happy
24,0915,Image_0915_FullFace.jpg,Happy
24,0916,Image_0916_FullFace.jpg,Happy
24,0917,Image_0917_FullFace.jpg,Happy
24,0918,Image_0918_FullFace.jpg,Happy
24,0919,Image_0919_FullFace.jpg,Happy
24,0920,Image_0920_FullFace.jpg,Happy
24,0921,Image_0921_FullFace.jpg,Happy
24,0922,Image_0922_FullFace.jpg,Happy
24,0923,Image_0923_FullFace.jpg,Happy
24,0924,Image_0924_FullFace.jpg,Happy
24,0925,Image_0925_FullFace.jpg,Happy
24,0926,Image_0926_FullFace.jpg,Happy
24,0927,Image_0927_FullFace.jpg,Happy
24,0928,Image_0928_FullFace.jpg,Happy
24,0929,Image_0929_FullFace.jpg,Happy
24,0930,Image_0930_FullFace.jpg,Happy
24,1456,Image_1456_FullFace.jpg,Happy
24,1457,Image_1457_FullFace.jpg,Happy
24,1700,Image_1700_FullFace.jpg,Happy
24,1701,Image_1701_FullFace.jpg,Happy
24,1702,Image_1702_FullFace.jpg,Happy
24,1703,Image_1703_FullFace.jpg,Happy
24,1704,Image_1704_FullFace.jpg,Happy
24,1866,Image_1866_FullFace.jpg,Happy
24,1871,Image_1871_FullFace.jpg,Happy
24,1957,Image_1957_FullFace.jpg,Happy
24,1958,Image_1958_FullFace.jpg,Happy
24,2960,Image_2960_FullFace.jpg,Happy
24,3331,Image_3331_FullFace.jpg,Happy
24,3332,Image_3332_FullFace.jpg,Happy
24,3333,Image_3333_FullFace.jpg,Happy
24,3334,Image_3334_FullFace.jpg,Happy
24,3335,Image_3335_FullFace.jpg,Happy
24,3336,Image_3336_FullFace.jpg,Happy
24,3337,Image_3337_FullFace.jpg,Happy
24,3338,Image_3338_FullFace.jpg,Happy
24,3339,Image_3339_FullFace.jpg,Happy
24,3340,Image_3340_FullFace.jpg,Happy
24,3341,Image_3341_FullFace.jpg,Happy
24,3352,Image_3352_FullFace.jpg,Happy
24,3353,Image_3353_FullFace.jpg,Happy
24,3354,Image_3354_FullFace.jpg,Happy
24,3355,Image_3355_FullFace.jpg,Happy
24,3363,Image_3363_FullFace.jpg,Happy
24,3364,Image_3364_FullFace.jpg,Happy
24,3365,Image_3365_FullFace.jpg,Happy
24,3366,Image_3366_FullFace.jpg,Happy
24,3367,Image_3367_FullFace.jpg,Happy
24,3368,Image_3368_FullFace.jpg,Happy
24,3374,Image_3374_FullFace.jpg,Happy
24,3375,Image_3375_FullFace.jpg,Happy
24,3376,Image_3376_FullFace.jpg,Happy
24,3377,Image_3377_FullFace.jpg,Happy
24,3378,Image_3378_FullFace.jpg,Happy
24,3379,Image_3379_FullFace.jpg,Happy
24,3380,Image_3380_FullFace.jpg,Happy
24,3381,Image_3381_FullFace.jpg,Happy
24,3382,Image_3382_FullFace.jpg,Happy
24,3383,Image_3383_FullFace.jpg,Happy
24,3384,Image_3384_FullFace.jpg,Happy
24,3385,Image_3385_FullFace.jpg,Happy
24,3386,Image_3386_FullFace.jpg,Happy
24,3387,Image_3387_FullFace.jpg,Happy
24,3439,Image_3439_FullFace.jpg,Happy
24,3440,Image_3440_FullFace.jpg,Happy
24,3441,Image_3441_FullFace.jpg,Happy
24,3442,Image_3442_FullFace.jpg,Happy
24,3443,Image_3443_FullFace.jpg,Happy
24,3444,Image_3444_FullFace.jpg,Happy
24,3450,Image_3450_FullFace.jpg,Happy
24,3451,Image_3451_FullFace.jpg,Happy
24,3452,Image_3452_FullFace.jpg,Happy
24,3453,Image_3453_FullFace.jpg,Happy
24,3454,Image_3454_FullFace.jpg,Happy
24,3455,Image_3455_FullFace.jpg,Happy
24,3520,Image_3520_FullFace.jpg,Happy
24,3521,Image_3521_FullFace.jpg,Happy
24,3522,Image_3522_FullFace.jpg,Happy
24,3526,Image_3526_FullFace.jpg,Happy
24,3527,Image_3527_FullFace.jpg,Happy
24,3528,Image_3528_FullFace.jpg,Happy
24,3529,Image_3529_FullFace.jpg,Happy
24,3530,Image_3530_FullFace.jpg,Happy
24,3541,Image_3541_FullFace.jpg,Happy
24,3542,Image_3542_FullFace.jpg,Happy
24,3543,Image_3543_FullFace.jpg,Happy
24,3544,Image_3544_FullFace.jpg,Happy
24,3551,Image_3551_FullFace.jpg,Happy
24,3552,Image_3552_FullFace.jpg,Happy
24,3553,Image_3553_FullFace.jpg,Happy
24,3554,Image_3554_FullFace.jpg,Happy
24,3555,Image_3555_FullFace.jpg,Happy
24,3556,Image_3556_FullFace.jpg,Happy
24,3568,Image_3568_FullFace.jpg,Happy
24,3569,Image_3569_FullFace.jpg,Happy
24,3570,Image_3570_FullFace.jpg,Happy
24,3571,Image_3571_FullFace.jpg,Happy
24,3572,Image_3572_FullFace.jpg,Happy
24,3573,Image_3573_FullFace.jpg,Happy
24,3574,Image_3574_FullFace.jpg,Happy
24,3575,Image_3575_FullFace.jpg,Happy
24,3576,Image_3576_FullFace.jpg,Happy
24,3577,Image_3577_FullFace.jpg,Happy
24,3578,Image_3578_FullFace.jpg,Happy
24,3579,Image_3579_FullFace.jpg,Happy
24,3580,Image_3580_FullFace.jpg,Happy
24,3581,Image_3581_FullFace.jpg,Happy
24,3582,Image_3582_FullFace.jpg,Happy
24,3583,Image_3583_FullFace.jpg,Happy
24,3584,Image_3584_FullFace.jpg,Happy
24,3585,Image_3585_FullFace.jpg,Happy
24,3586,Image_3586_FullFace.jpg,Happy
24,3587,Image_3587_FullFace.jpg,Happy
24,3588,Image_3588_FullFace.jpg,Happy
24,3589,Image_3589_FullFace.jpg,Happy
24,3590,Image_3590_FullFace.jpg,Happy
24,3591,Image_3591_FullFace.jpg,Happy
24,3612,Image_3612_FullFace.jpg,Happy
24,3613,Image_3613_FullFace.jpg,Happy
24,3614,Image_3614_FullFace.jpg,Happy
24,3615,Image_3615_FullFace.jpg,Happy
24,3616,Image_3616_FullFace.jpg,Happy
24,3617,Image_3617_FullFace.jpg,Happy
24,3619,Image_3619_FullFace.jpg,Happy
24,3621,Image_3621_FullFace.jpg,Happy
24,3622,Image_3622_FullFace.jpg,Happy
24,3623,Image_3623_FullFace.jpg,Happy
24,3624,Image_3624_FullFace.jpg,Happy
24,3625,Image_3625_FullFace.jpg,Happy
24,3626,Image_3626_FullFace.jpg,Happy
24,3627,Image_3627_FullFace.jpg,Happy
24,3628,Image_3628_FullFace.jpg,Happy
24,3629,Image_3629_FullFace.jpg,Happy
24,3630,Image_3630_FullFace.jpg,Happy
24,3631,Image_3631_FullFace.jpg,Happy
24,3632,Image_3632_FullFace.jpg,Happy
24,3633,Image_3633_FullFace.jpg,Happy
24,3634,Image_3634_FullFace.jpg,Happy
24,3635,Image_3635_FullFace.jpg,Happy
24,3636,Image_3636_FullFace.jpg,Happy
24,3637,Image_3637_FullFace.jpg,Happy
24,3638,Image_3638_FullFace.jpg,Happy
24,3639,Image_3639_FullFace.jpg,Happy
24,3645,Image_3645_FullFace.jpg,Happy
24,3646,Image_3646_FullFace.jpg,Happy
24,3647,Image_3647_FullFace.jpg,Happy
24,3648,Image_3648_FullFace.jpg,Happy
24,3649,Image_3649_FullFace.jpg,Happy
24,3650,Image_3650_FullFace.jpg,Happy
24,3651,Image_3651_FullFace.jpg,Happy
24,3652,Image_3652_FullFace.jpg,Happy
24,3659,Image_3659_FullFace.jpg,Happy
24,3660,Image_3660_FullFace.jpg,Happy
24,3661,Image_3661_FullFace.jpg,Happy
24,3662,Image_3662_FullFace.jpg,Happy
24,3663,Image_3663_FullFace.jpg,Happy
24,3664,Image_3664_FullFace.jpg,Happy
24,3665,Image_3665_FullFace.jpg,Happy
24,3666,Image_3666_FullFace.jpg,Happy
24,3667,Image_3667_FullFace.jpg,Happy
24,3668,Image_3668_FullFace.jpg,Happy
24,3669,Image_3669_FullFace.jpg,Happy
24,3670,Image_3670_FullFace.jpg,Happy
24,3671,Image_3671_FullFace.jpg,Happy
24,3672,Image_3672_FullFace.jpg,Happy
24,3673,Image_3673_FullFace.jpg,Happy
24,3674,Image_3674_FullFace.jpg,Happy
24,3675,Image_3675_FullFace.jpg,Happy
24,3676,Image_3676_FullFace.jpg,Happy
24,3677,Image_3677_FullFace.jpg,Happy
24,3678,Image_3678_FullFace.jpg,Happy
24,3679,Image_3679_FullFace.jpg,Happy
24,3680,Image_3680_FullFace.jpg,Happy
24,3681,Image_3681_FullFace.jpg,Happy
24,3682,Image_3682_FullFace.jpg,Happy
24,3683,Image_3683_FullFace.jpg,Happy
24,3684,Image_3684_FullFace.jpg,Happy
24,3685,Image_3685_FullFace.jpg,Happy
24,3686,Image_3686_FullFace.jpg,Happy
24,3687,Image_3687_FullFace.jpg,Happy
24,4213,Image_4213_FullFace.jpg,Happy
24,4214,Image_4214_FullFace.jpg,Happy
24,4457,Image_4457_FullFace.jpg,Happy
24,4458,Image_4458_FullFace.jpg,Happy
24,4459,Image_4459_FullFace.jpg,Happy
24,4460,Image_4460_FullFace.jpg,Happy
24,4461,Image_4461_FullFace.jpg,Happy
24,4623,Image_4623_FullFace.jpg,Happy
24,4628,Image_4628_FullFace.jpg,Happy
24,4714,Image_4714_FullFace.jpg,Happy
24,4715,Image_4715_FullFace.jpg,Happy
24,5187,Image_5187_FullFace.jpg,Happy
